<?xml version="1.0" encoding="utf-8"?>
<helpItems schema="maml" xmlns="http://msh">
  <command:command xmlns:maml="http://schemas.microsoft.com/maml/2004/10" xmlns:command="http://schemas.microsoft.com/maml/dev/command/2004/10" xmlns:dev="http://schemas.microsoft.com/maml/dev/2004/10" xmlns:MSHelp="http://msdn.microsoft.com/mshelp">
    <command:details>
      <command:name>Add-AzureADAdministrativeUnitMember</command:name>
      <command:verb>Add</command:verb>
      <command:noun>AzureADAdministrativeUnitMember</command:noun>
      <maml:description>
        <maml:para>管理単位メンバーを追加します。</maml:para>
      </maml:description>
    </command:details>
    <maml:description>
      <maml:para>Add-AzureADAdministrativeUnitMember コマンドレットは、Active Directory 管理単位メンバーを追加します。</maml:para>
    </maml:description>
    <command:syntax>
      <command:syntaxItem>
        <maml:name>Add-AzureADAdministrativeUnitMember</maml:name>
        <command:parameter required="false" variableLength="true" globbing="false" pipelineInput="False" position="named" aliases="infa">
          <maml:name>InformationAction</maml:name>
          <maml:Description>
            <maml:para>このコマンドレットの情報イベントに対する応答方法を指定します。このパラメーターに使用できる値は次のとおりです: * Continue</maml:para>
            <maml:para>* Ignore</maml:para>
            <maml:para>* Inquire</maml:para>
            <maml:para>* SilentlyContinue</maml:para>
            <maml:para>* Stop</maml:para>
            <maml:para>* Suspend</maml:para>
          </maml:Description>
          <command:parameterValue required="true" variableLength="false">ActionPreference</command:parameterValue>
          <dev:type>
            <maml:name>ActionPreference</maml:name>
            <maml:uri/>
          </dev:type>
          <dev:defaultValue>None</dev:defaultValue>
        </command:parameter>
        <command:parameter required="false" variableLength="true" globbing="false" pipelineInput="False" position="named" aliases="iv">
          <maml:name>InformationVariable</maml:name>
          <maml:Description>
            <maml:para>情報イベント メッセージを格納する変数を指定します。</maml:para>
          </maml:Description>
          <command:parameterValue required="true" variableLength="false">String</command:parameterValue>
          <dev:type>
            <maml:name>String</maml:name>
            <maml:uri/>
          </dev:type>
          <dev:defaultValue>None</dev:defaultValue>
        </command:parameter>
        <command:parameter required="true" variableLength="true" globbing="false" pipelineInput="True (ByPropertyName, ByValue)" position="named" aliases="none">
          <maml:name>ObjectId</maml:name>
          <maml:Description>
            <maml:para>Active Directory 管理単位の ID を指定します。</maml:para>
          </maml:Description>
          <command:parameterValue required="true" variableLength="false">String</command:parameterValue>
          <dev:type>
            <maml:name>String</maml:name>
            <maml:uri/>
          </dev:type>
          <dev:defaultValue>None</dev:defaultValue>
        </command:parameter>
        <command:parameter required="true" variableLength="true" globbing="false" pipelineInput="True (ByPropertyName, ByValue)" position="named" aliases="none">
          <maml:name>RefObjectId</maml:name>
          <maml:Description>
            <maml:para>所有者/マネージャー/メンバーとして割り当てられる特定の Azure Active Directory オブジェクトの一意の ID を指定します。</maml:para>
          </maml:Description>
          <command:parameterValue required="true" variableLength="false">String</command:parameterValue>
          <dev:type>
            <maml:name>String</maml:name>
            <maml:uri/>
          </dev:type>
          <dev:defaultValue>None</dev:defaultValue>
        </command:parameter>
      </command:syntaxItem>
    </command:syntax>
    <command:parameters>
      <command:parameter required="false" variableLength="true" globbing="false" pipelineInput="False" position="named" aliases="infa">
        <maml:name>InformationAction</maml:name>
        <maml:Description>
          <maml:para>このコマンドレットの情報イベントに対する応答方法を指定します。このパラメーターに使用できる値は次のとおりです: * Continue</maml:para>
          <maml:para>* Ignore</maml:para>
          <maml:para>* Inquire</maml:para>
          <maml:para>* SilentlyContinue</maml:para>
          <maml:para>* Stop</maml:para>
          <maml:para>* Suspend</maml:para>
        </maml:Description>
        <command:parameterValue required="true" variableLength="false">ActionPreference</command:parameterValue>
        <dev:type>
          <maml:name>ActionPreference</maml:name>
          <maml:uri/>
        </dev:type>
        <dev:defaultValue>None</dev:defaultValue>
      </command:parameter>
      <command:parameter required="false" variableLength="true" globbing="false" pipelineInput="False" position="named" aliases="iv">
        <maml:name>InformationVariable</maml:name>
        <maml:Description>
          <maml:para>情報イベント メッセージを格納する変数を指定します。</maml:para>
        </maml:Description>
        <command:parameterValue required="true" variableLength="false">String</command:parameterValue>
        <dev:type>
          <maml:name>String</maml:name>
          <maml:uri/>
        </dev:type>
        <dev:defaultValue>None</dev:defaultValue>
      </command:parameter>
      <command:parameter required="true" variableLength="true" globbing="false" pipelineInput="True (ByPropertyName, ByValue)" position="named" aliases="none">
        <maml:name>ObjectId</maml:name>
        <maml:Description>
          <maml:para>Active Directory 管理単位の ID を指定します。</maml:para>
        </maml:Description>
        <command:parameterValue required="true" variableLength="false">String</command:parameterValue>
        <dev:type>
          <maml:name>String</maml:name>
          <maml:uri/>
        </dev:type>
        <dev:defaultValue>None</dev:defaultValue>
      </command:parameter>
      <command:parameter required="true" variableLength="true" globbing="false" pipelineInput="True (ByPropertyName, ByValue)" position="named" aliases="none">
        <maml:name>RefObjectId</maml:name>
        <maml:Description>
          <maml:para>所有者/マネージャー/メンバーとして割り当てられる特定の Azure Active Directory オブジェクトの一意の ID を指定します。</maml:para>
        </maml:Description>
        <command:parameterValue required="true" variableLength="false">String</command:parameterValue>
        <dev:type>
          <maml:name>String</maml:name>
          <maml:uri/>
        </dev:type>
        <dev:defaultValue>None</dev:defaultValue>
      </command:parameter>
    </command:parameters>
    <command:inputTypes/>
    <command:returnValues/>
    <maml:alertSet>
      <maml:alert>
        <maml:para></maml:para>
      </maml:alert>
    </maml:alertSet>
    <command:examples/>
    <command:relatedLinks>
      <maml:navigationLink>
        <maml:linkText>Get-AzureADAdministrativeUnitMember</maml:linkText>
        <maml:uri></maml:uri>
      </maml:navigationLink>
      <maml:navigationLink>
        <maml:linkText>Remove-AzureADAdministrativeUnitMember</maml:linkText>
        <maml:uri></maml:uri>
      </maml:navigationLink>
    </command:relatedLinks>
  </command:command>
  <command:command xmlns:maml="http://schemas.microsoft.com/maml/2004/10" xmlns:command="http://schemas.microsoft.com/maml/dev/command/2004/10" xmlns:dev="http://schemas.microsoft.com/maml/dev/2004/10" xmlns:MSHelp="http://msdn.microsoft.com/mshelp">
    <command:details>
      <command:name>Add-AzureADScopedRoleMembership</command:name>
      <command:verb>Add</command:verb>
      <command:noun>AzureADScopedRoleMembership</command:noun>
      <maml:description>
        <maml:para>スコープ付きロール メンバーシップを管理単位に追加します。</maml:para>
      </maml:description>
    </command:details>
    <maml:description>
      <maml:para>Add-AzureADScopedRoleMembership コマンドレットは、スコープ付きロール メンバーシップを管理単位に追加します。</maml:para>
    </maml:description>
    <command:syntax>
      <command:syntaxItem>
        <maml:name>Add-AzureADScopedRoleMembership</maml:name>
        <command:parameter required="false" variableLength="true" globbing="false" pipelineInput="False" position="named" aliases="none">
          <maml:name>AdministrativeUnitObjectId</maml:name>
          <maml:Description>
            <maml:para>管理単位の ID を指定します。</maml:para>
          </maml:Description>
          <command:parameterValue required="true" variableLength="false">String</command:parameterValue>
          <dev:type>
            <maml:name>String</maml:name>
            <maml:uri/>
          </dev:type>
          <dev:defaultValue>None</dev:defaultValue>
        </command:parameter>
        <command:parameter required="true" variableLength="true" globbing="false" pipelineInput="True (ByPropertyName, ByValue)" position="named" aliases="none">
          <maml:name>ObjectId</maml:name>
          <maml:Description>
            <maml:para></maml:para>
          </maml:Description>
          <command:parameterValue required="true" variableLength="false">String</command:parameterValue>
          <dev:type>
            <maml:name>String</maml:name>
            <maml:uri/>
          </dev:type>
          <dev:defaultValue>None</dev:defaultValue>
        </command:parameter>
        <command:parameter required="false" variableLength="true" globbing="false" pipelineInput="False" position="named" aliases="none">
          <maml:name>RoleMemberInfo</maml:name>
          <maml:Description>
            <maml:para>RoleMemberInfo オブジェクトを指定します。</maml:para>
          </maml:Description>
          <command:parameterValue required="true" variableLength="false">RoleMemberInfo</command:parameterValue>
          <dev:type>
            <maml:name>RoleMemberInfo</maml:name>
            <maml:uri/>
          </dev:type>
          <dev:defaultValue>None</dev:defaultValue>
        </command:parameter>
        <command:parameter required="false" variableLength="true" globbing="false" pipelineInput="False" position="named" aliases="none">
          <maml:name>RoleObjectId</maml:name>
          <maml:Description>
            <maml:para></maml:para>
          </maml:Description>
          <command:parameterValue required="true" variableLength="false">String</command:parameterValue>
          <dev:type>
            <maml:name>String</maml:name>
            <maml:uri/>
          </dev:type>
          <dev:defaultValue>None</dev:defaultValue>
        </command:parameter>
      </command:syntaxItem>
    </command:syntax>
    <command:parameters>
      <command:parameter required="false" variableLength="true" globbing="false" pipelineInput="False" position="named" aliases="none">
        <maml:name>AdministrativeUnitObjectId</maml:name>
        <maml:Description>
          <maml:para>管理単位の ID を指定します。</maml:para>
        </maml:Description>
        <command:parameterValue required="true" variableLength="false">String</command:parameterValue>
        <dev:type>
          <maml:name>String</maml:name>
          <maml:uri/>
        </dev:type>
        <dev:defaultValue>None</dev:defaultValue>
      </command:parameter>
      <command:parameter required="true" variableLength="true" globbing="false" pipelineInput="True (ByPropertyName, ByValue)" position="named" aliases="none">
        <maml:name>ObjectId</maml:name>
        <maml:Description>
          <maml:para></maml:para>
        </maml:Description>
        <command:parameterValue required="true" variableLength="false">String</command:parameterValue>
        <dev:type>
          <maml:name>String</maml:name>
          <maml:uri/>
        </dev:type>
        <dev:defaultValue>None</dev:defaultValue>
      </command:parameter>
      <command:parameter required="false" variableLength="true" globbing="false" pipelineInput="False" position="named" aliases="none">
        <maml:name>RoleMemberInfo</maml:name>
        <maml:Description>
          <maml:para>RoleMemberInfo オブジェクトを指定します。</maml:para>
        </maml:Description>
        <command:parameterValue required="true" variableLength="false">RoleMemberInfo</command:parameterValue>
        <dev:type>
          <maml:name>RoleMemberInfo</maml:name>
          <maml:uri/>
        </dev:type>
        <dev:defaultValue>None</dev:defaultValue>
      </command:parameter>
      <command:parameter required="false" variableLength="true" globbing="false" pipelineInput="False" position="named" aliases="none">
        <maml:name>RoleObjectId</maml:name>
        <maml:Description>
          <maml:para></maml:para>
        </maml:Description>
        <command:parameterValue required="true" variableLength="false">String</command:parameterValue>
        <dev:type>
          <maml:name>String</maml:name>
          <maml:uri/>
        </dev:type>
        <dev:defaultValue>None</dev:defaultValue>
      </command:parameter>
    </command:parameters>
    <command:inputTypes/>
    <command:returnValues/>
    <maml:alertSet>
      <maml:alert>
        <maml:para></maml:para>
      </maml:alert>
    </maml:alertSet>
    <command:examples>
      <command:example>
        <maml:title>例 1</maml:title>
        <dev:code>$User = Get-AzureADUser -SearchString "The user that will be an admin on this unit"
	$Role = Get-AzureADDirectoryRole | Where-Object -Property DisplayName -EQ -Value "User Account Administrator"
	$Unit = Get-AzureADAdministrativeUnit | Where-Object -Property DisplayName -Eq -Value "&lt;The display name of the unit"
	$RoleMember = New-Object -TypeName Microsoft.Open.AzureAD.Model.RoleMemberInfo
	$RoleMember.ObjectId = $User.ObjectID
	Add-AzureADScopedRoleMembership -ObjectId $unit.ObjectId -RoleObjectId $Role.ObjectId -RoleMemberInfo $RoleMember</dev:code>
        <dev:remarks>
          <maml:para>このコマンドレットは、Scope ロールのメンバーシップ オブジェクトを返します。</maml:para>
          <maml:para></maml:para>
          <maml:para>	AdministrativeUnitObjectId           RoleObjectId 	--------------------------           ------------ 	c9ab56cc-e349-4237-856e-cab03157a91e 526b7173-5a6e-49dc-88ec-b677a9093709</maml:para>
        </dev:remarks>
      </command:example>
    </command:examples>
    <command:relatedLinks>
      <maml:navigationLink>
        <maml:linkText>Get-AzureADScopedRoleMembership</maml:linkText>
        <maml:uri></maml:uri>
      </maml:navigationLink>
      <maml:navigationLink>
        <maml:linkText>Remove-AzureADScopedRoleMembership</maml:linkText>
        <maml:uri></maml:uri>
      </maml:navigationLink>
    </command:relatedLinks>
  </command:command>
  <command:command xmlns:maml="http://schemas.microsoft.com/maml/2004/10" xmlns:command="http://schemas.microsoft.com/maml/dev/command/2004/10" xmlns:dev="http://schemas.microsoft.com/maml/dev/2004/10" xmlns:MSHelp="http://msdn.microsoft.com/mshelp">
    <command:details>
      <command:name>Get-AzureADAdministrativeUnit</command:name>
      <command:verb>Get</command:verb>
      <command:noun>AzureADAdministrativeUnit</command:noun>
      <maml:description>
        <maml:para>管理単位を取得します。</maml:para>
      </maml:description>
    </command:details>
    <maml:description>
      <maml:para>Get-AzureADAdministrativeUnit コマンドレットは、Azure Active Directory 管理単位を取得します。</maml:para>
    </maml:description>
    <command:syntax>
      <command:syntaxItem>
        <maml:name>Get-AzureADAdministrativeUnit</maml:name>
        <command:parameter required="false" variableLength="true" globbing="false" pipelineInput="True (ByPropertyName, ByValue)" position="named" aliases="none">
          <maml:name>All</maml:name>
          <maml:Description>
            <maml:para>true の場合、すべての管理単位を返します。false の場合、Top パラメーターで指定された数のオブジェクトを返します</maml:para>
          </maml:Description>
          <command:parameterValue required="true" variableLength="false">Boolean</command:parameterValue>
          <dev:type>
            <maml:name>Boolean</maml:name>
            <maml:uri/>
          </dev:type>
          <dev:defaultValue>None</dev:defaultValue>
        </command:parameter>
        <command:parameter required="false" variableLength="true" globbing="false" pipelineInput="True (ByPropertyName, ByValue)" position="named" aliases="none">
          <maml:name>Filter</maml:name>
          <maml:Description>
            <maml:para>oData v3.0 フィルター ステートメントを指定します。このパラメーター フィルターは返されるオブジェクトをフィルター処理します。</maml:para>
            <maml:para>oData v3.0 フィルター式の詳細については、https://msdn.microsoft.com/ja-jp/library/hh169248%28v=nav.90%29.aspx をご覧ください</maml:para>
          </maml:Description>
          <command:parameterValue required="true" variableLength="false">String</command:parameterValue>
          <dev:type>
            <maml:name>String</maml:name>
            <maml:uri/>
          </dev:type>
          <dev:defaultValue>None</dev:defaultValue>
        </command:parameter>
        <command:parameter required="false" variableLength="true" globbing="false" pipelineInput="True (ByPropertyName, ByValue)" position="named" aliases="none">
          <maml:name>Top</maml:name>
          <maml:Description>
            <maml:para>返すレコードの最大数を指定します。</maml:para>
          </maml:Description>
          <command:parameterValue required="true" variableLength="false">Int32</command:parameterValue>
          <dev:type>
            <maml:name>Int32</maml:name>
            <maml:uri/>
          </dev:type>
          <dev:defaultValue>None</dev:defaultValue>
        </command:parameter>
      </command:syntaxItem>
      <command:syntaxItem>
        <maml:name>Get-AzureADAdministrativeUnit</maml:name>
        <command:parameter required="false" variableLength="true" globbing="false" pipelineInput="True (ByPropertyName, ByValue)" position="named" aliases="none">
          <maml:name>All</maml:name>
          <maml:Description>
            <maml:para>true の場合、すべての管理単位を返します。false の場合、Top パラメーターで指定された数のオブジェクトを返します</maml:para>
          </maml:Description>
          <command:parameterValue required="true" variableLength="false">Boolean</command:parameterValue>
          <dev:type>
            <maml:name>Boolean</maml:name>
            <maml:uri/>
          </dev:type>
          <dev:defaultValue>None</dev:defaultValue>
        </command:parameter>
        <command:parameter required="true" variableLength="true" globbing="false" pipelineInput="True (ByPropertyName, ByValue)" position="named" aliases="none">
          <maml:name>ObjectId</maml:name>
          <maml:Description>
            <maml:para>Azure Active Directory での管理単位の ID を指定します。</maml:para>
          </maml:Description>
          <command:parameterValue required="true" variableLength="false">String</command:parameterValue>
          <dev:type>
            <maml:name>String</maml:name>
            <maml:uri/>
          </dev:type>
          <dev:defaultValue>None</dev:defaultValue>
        </command:parameter>
      </command:syntaxItem>
    </command:syntax>
    <command:parameters>
      <command:parameter required="false" variableLength="true" globbing="false" pipelineInput="True (ByPropertyName, ByValue)" position="named" aliases="none">
        <maml:name>All</maml:name>
        <maml:Description>
          <maml:para>true の場合、すべての管理単位を返します。false の場合、Top パラメーターで指定された数のオブジェクトを返します</maml:para>
        </maml:Description>
        <command:parameterValue required="true" variableLength="false">Boolean</command:parameterValue>
        <dev:type>
          <maml:name>Boolean</maml:name>
          <maml:uri/>
        </dev:type>
        <dev:defaultValue>None</dev:defaultValue>
      </command:parameter>
      <command:parameter required="false" variableLength="true" globbing="false" pipelineInput="True (ByPropertyName, ByValue)" position="named" aliases="none">
        <maml:name>Filter</maml:name>
        <maml:Description>
          <maml:para>oData v3.0 フィルター ステートメントを指定します。このパラメーター フィルターは返されるオブジェクトをフィルター処理します。</maml:para>
          <maml:para>oData v3.0 フィルター式の詳細については、https://msdn.microsoft.com/ja-jp/library/hh169248%28v=nav.90%29.aspx をご覧ください</maml:para>
        </maml:Description>
        <command:parameterValue required="true" variableLength="false">String</command:parameterValue>
        <dev:type>
          <maml:name>String</maml:name>
          <maml:uri/>
        </dev:type>
        <dev:defaultValue>None</dev:defaultValue>
      </command:parameter>
      <command:parameter required="true" variableLength="true" globbing="false" pipelineInput="True (ByPropertyName, ByValue)" position="named" aliases="none">
        <maml:name>ObjectId</maml:name>
        <maml:Description>
          <maml:para>Azure Active Directory での管理単位の ID を指定します。</maml:para>
        </maml:Description>
        <command:parameterValue required="true" variableLength="false">String</command:parameterValue>
        <dev:type>
          <maml:name>String</maml:name>
          <maml:uri/>
        </dev:type>
        <dev:defaultValue>None</dev:defaultValue>
      </command:parameter>
      <command:parameter required="false" variableLength="true" globbing="false" pipelineInput="True (ByPropertyName, ByValue)" position="named" aliases="none">
        <maml:name>Top</maml:name>
        <maml:Description>
          <maml:para>返すレコードの最大数を指定します。</maml:para>
        </maml:Description>
        <command:parameterValue required="true" variableLength="false">Int32</command:parameterValue>
        <dev:type>
          <maml:name>Int32</maml:name>
          <maml:uri/>
        </dev:type>
        <dev:defaultValue>None</dev:defaultValue>
      </command:parameter>
    </command:parameters>
    <command:inputTypes/>
    <command:returnValues/>
    <maml:alertSet>
      <maml:alert>
        <maml:para></maml:para>
      </maml:alert>
    </maml:alertSet>
    <command:examples/>
    <command:relatedLinks>
      <maml:navigationLink>
        <maml:linkText>New-AzureADAdministrativeUnit</maml:linkText>
        <maml:uri></maml:uri>
      </maml:navigationLink>
      <maml:navigationLink>
        <maml:linkText>Remove-AzureADAdministrativeUnit</maml:linkText>
        <maml:uri></maml:uri>
      </maml:navigationLink>
      <maml:navigationLink>
        <maml:linkText>Set-AzureADAdministrativeUnit</maml:linkText>
        <maml:uri></maml:uri>
      </maml:navigationLink>
    </command:relatedLinks>
  </command:command>
  <command:command xmlns:maml="http://schemas.microsoft.com/maml/2004/10" xmlns:command="http://schemas.microsoft.com/maml/dev/command/2004/10" xmlns:dev="http://schemas.microsoft.com/maml/dev/2004/10" xmlns:MSHelp="http://msdn.microsoft.com/mshelp">
    <command:details>
      <command:name>Get-AzureADAdministrativeUnitMember</command:name>
      <command:verb>Get</command:verb>
      <command:noun>AzureADAdministrativeUnitMember</command:noun>
      <maml:description>
        <maml:para>管理単位のメンバーを取得します。</maml:para>
      </maml:description>
    </command:details>
    <maml:description>
      <maml:para>Get-AzureADAdministrativeUnitMember コマンドレットは、Active Directory 管理単位のメンバーを取得します。</maml:para>
    </maml:description>
    <command:syntax>
      <command:syntaxItem>
        <maml:name>Get-AzureADAdministrativeUnitMember</maml:name>
        <command:parameter required="false" variableLength="true" globbing="false" pipelineInput="False" position="named" aliases="infa">
          <maml:name>InformationAction</maml:name>
          <maml:Description>
            <maml:para>このコマンドレットの情報イベントに対する応答方法を指定します。このパラメーターに使用できる値は次のとおりです: * Continue</maml:para>
            <maml:para>* Ignore</maml:para>
            <maml:para>* Inquire</maml:para>
            <maml:para>* SilentlyContinue</maml:para>
            <maml:para>* Stop</maml:para>
            <maml:para>* Suspend</maml:para>
          </maml:Description>
          <command:parameterValue required="true" variableLength="false">ActionPreference</command:parameterValue>
          <dev:type>
            <maml:name>ActionPreference</maml:name>
            <maml:uri/>
          </dev:type>
          <dev:defaultValue>None</dev:defaultValue>
        </command:parameter>
        <command:parameter required="false" variableLength="true" globbing="false" pipelineInput="False" position="named" aliases="iv">
          <maml:name>InformationVariable</maml:name>
          <maml:Description>
            <maml:para>情報イベント メッセージを格納する変数を指定します。</maml:para>
          </maml:Description>
          <command:parameterValue required="true" variableLength="false">String</command:parameterValue>
          <dev:type>
            <maml:name>String</maml:name>
            <maml:uri/>
          </dev:type>
          <dev:defaultValue>None</dev:defaultValue>
        </command:parameter>
        <command:parameter required="true" variableLength="true" globbing="false" pipelineInput="True (ByPropertyName, ByValue)" position="named" aliases="none">
          <maml:name>ObjectId</maml:name>
          <maml:Description>
            <maml:para>Azure Active Directory での管理単位の ID を指定します。</maml:para>
          </maml:Description>
          <command:parameterValue required="true" variableLength="false">String</command:parameterValue>
          <dev:type>
            <maml:name>String</maml:name>
            <maml:uri/>
          </dev:type>
          <dev:defaultValue>None</dev:defaultValue>
        </command:parameter>
      </command:syntaxItem>
    </command:syntax>
    <command:parameters>
      <command:parameter required="false" variableLength="true" globbing="false" pipelineInput="False" position="named" aliases="infa">
        <maml:name>InformationAction</maml:name>
        <maml:Description>
          <maml:para>このコマンドレットの情報イベントに対する応答方法を指定します。このパラメーターに使用できる値は次のとおりです: * Continue</maml:para>
          <maml:para>* Ignore</maml:para>
          <maml:para>* Inquire</maml:para>
          <maml:para>* SilentlyContinue</maml:para>
          <maml:para>* Stop</maml:para>
          <maml:para>* Suspend</maml:para>
        </maml:Description>
        <command:parameterValue required="true" variableLength="false">ActionPreference</command:parameterValue>
        <dev:type>
          <maml:name>ActionPreference</maml:name>
          <maml:uri/>
        </dev:type>
        <dev:defaultValue>None</dev:defaultValue>
      </command:parameter>
      <command:parameter required="false" variableLength="true" globbing="false" pipelineInput="False" position="named" aliases="iv">
        <maml:name>InformationVariable</maml:name>
        <maml:Description>
          <maml:para>情報イベント メッセージを格納する変数を指定します。</maml:para>
        </maml:Description>
        <command:parameterValue required="true" variableLength="false">String</command:parameterValue>
        <dev:type>
          <maml:name>String</maml:name>
          <maml:uri/>
        </dev:type>
        <dev:defaultValue>None</dev:defaultValue>
      </command:parameter>
      <command:parameter required="true" variableLength="true" globbing="false" pipelineInput="True (ByPropertyName, ByValue)" position="named" aliases="none">
        <maml:name>ObjectId</maml:name>
        <maml:Description>
          <maml:para>Azure Active Directory での管理単位の ID を指定します。</maml:para>
        </maml:Description>
        <command:parameterValue required="true" variableLength="false">String</command:parameterValue>
        <dev:type>
          <maml:name>String</maml:name>
          <maml:uri/>
        </dev:type>
        <dev:defaultValue>None</dev:defaultValue>
      </command:parameter>
    </command:parameters>
    <command:inputTypes/>
    <command:returnValues/>
    <maml:alertSet>
      <maml:alert>
        <maml:para></maml:para>
      </maml:alert>
    </maml:alertSet>
    <command:examples/>
    <command:relatedLinks>
      <maml:navigationLink>
        <maml:linkText>Add-AzureADAdministrativeUnitMember</maml:linkText>
        <maml:uri></maml:uri>
      </maml:navigationLink>
      <maml:navigationLink>
        <maml:linkText>Remove-AzureADAdministrativeUnitMember</maml:linkText>
        <maml:uri></maml:uri>
      </maml:navigationLink>
    </command:relatedLinks>
  </command:command>
  <command:command xmlns:maml="http://schemas.microsoft.com/maml/2004/10" xmlns:command="http://schemas.microsoft.com/maml/dev/command/2004/10" xmlns:dev="http://schemas.microsoft.com/maml/dev/2004/10" xmlns:MSHelp="http://msdn.microsoft.com/mshelp">
    <command:details>
      <command:name>Get-AzureADScopedRoleMembership</command:name>
      <command:verb>Get</command:verb>
      <command:noun>AzureADScopedRoleMembership</command:noun>
      <maml:description>
        <maml:para>管理単位からスコープ付きロール メンバーシップを取得します。</maml:para>
      </maml:description>
    </command:details>
    <maml:description>
      <maml:para>Get-AzureADScopedRoleMembership コマンドレットは、Azure Active Directory (AD) 内の管理単位からスコープ付きロール メンバーシップを取得します。</maml:para>
    </maml:description>
    <command:syntax>
      <command:syntaxItem>
        <maml:name>Get-AzureADScopedRoleMembership</maml:name>
        <command:parameter required="true" variableLength="true" globbing="false" pipelineInput="True (ByPropertyName, ByValue)" position="named" aliases="none">
          <maml:name>ObjectId</maml:name>
          <maml:Description>
            <maml:para>オブジェクトの ID を指定します。</maml:para>
          </maml:Description>
          <command:parameterValue required="true" variableLength="false">String</command:parameterValue>
          <dev:type>
            <maml:name>String</maml:name>
            <maml:uri/>
          </dev:type>
          <dev:defaultValue>None</dev:defaultValue>
        </command:parameter>
        <command:parameter required="false" variableLength="true" globbing="false" pipelineInput="True (ByPropertyName, ByValue)" position="named" aliases="none">
          <maml:name>ScopedRoleMembershipId</maml:name>
          <maml:Description>
            <maml:para>スコープ付きロール メンバーシップの ID を指定します。</maml:para>
          </maml:Description>
          <command:parameterValue required="true" variableLength="false">String</command:parameterValue>
          <dev:type>
            <maml:name>String</maml:name>
            <maml:uri/>
          </dev:type>
          <dev:defaultValue>None</dev:defaultValue>
        </command:parameter>
      </command:syntaxItem>
    </command:syntax>
    <command:parameters>
      <command:parameter required="true" variableLength="true" globbing="false" pipelineInput="True (ByPropertyName, ByValue)" position="named" aliases="none">
        <maml:name>ObjectId</maml:name>
        <maml:Description>
          <maml:para>オブジェクトの ID を指定します。</maml:para>
        </maml:Description>
        <command:parameterValue required="true" variableLength="false">String</command:parameterValue>
        <dev:type>
          <maml:name>String</maml:name>
          <maml:uri/>
        </dev:type>
        <dev:defaultValue>None</dev:defaultValue>
      </command:parameter>
      <command:parameter required="false" variableLength="true" globbing="false" pipelineInput="True (ByPropertyName, ByValue)" position="named" aliases="none">
        <maml:name>ScopedRoleMembershipId</maml:name>
        <maml:Description>
          <maml:para>スコープ付きロール メンバーシップの ID を指定します。</maml:para>
        </maml:Description>
        <command:parameterValue required="true" variableLength="false">String</command:parameterValue>
        <dev:type>
          <maml:name>String</maml:name>
          <maml:uri/>
        </dev:type>
        <dev:defaultValue>None</dev:defaultValue>
      </command:parameter>
    </command:parameters>
    <command:inputTypes/>
    <command:returnValues/>
    <maml:alertSet>
      <maml:alert>
        <maml:para></maml:para>
      </maml:alert>
    </maml:alertSet>
    <command:examples/>
    <command:relatedLinks>
      <maml:navigationLink>
        <maml:linkText>Add-AzureADScopedRoleMembership</maml:linkText>
        <maml:uri></maml:uri>
      </maml:navigationLink>
      <maml:navigationLink>
        <maml:linkText>Remove-AzureADScopedRoleMembership</maml:linkText>
        <maml:uri></maml:uri>
      </maml:navigationLink>
    </command:relatedLinks>
  </command:command>
  <command:command xmlns:maml="http://schemas.microsoft.com/maml/2004/10" xmlns:command="http://schemas.microsoft.com/maml/dev/command/2004/10" xmlns:dev="http://schemas.microsoft.com/maml/dev/2004/10" xmlns:MSHelp="http://msdn.microsoft.com/mshelp">
    <command:details>
      <command:name>New-AzureADAdministrativeUnit</command:name>
      <command:verb>New</command:verb>
      <command:noun>AzureADAdministrativeUnit</command:noun>
      <maml:description>
        <maml:para>管理単位を作成します。</maml:para>
      </maml:description>
    </command:details>
    <maml:description>
      <maml:para>New-AzureADAdministrativeUnit コマンドレットは、Azure Active Directory (AD) 内に管理単位を作成します。</maml:para>
    </maml:description>
    <command:syntax>
      <command:syntaxItem>
        <maml:name>New-AzureADAdministrativeUnit</maml:name>
        <command:parameter required="false" variableLength="true" globbing="false" pipelineInput="False" position="named" aliases="none">
          <maml:name>Description</maml:name>
          <maml:Description>
            <maml:para>新しい管理単位の説明を指定します。</maml:para>
          </maml:Description>
          <command:parameterValue required="true" variableLength="false">String</command:parameterValue>
          <dev:type>
            <maml:name>String</maml:name>
            <maml:uri/>
          </dev:type>
          <dev:defaultValue>None</dev:defaultValue>
        </command:parameter>
        <command:parameter required="true" variableLength="true" globbing="false" pipelineInput="False" position="named" aliases="none">
          <maml:name>DisplayName</maml:name>
          <maml:Description>
            <maml:para>新しい管理単位の表示名を指定します。</maml:para>
          </maml:Description>
          <command:parameterValue required="true" variableLength="false">String</command:parameterValue>
          <dev:type>
            <maml:name>String</maml:name>
            <maml:uri/>
          </dev:type>
          <dev:defaultValue>None</dev:defaultValue>
        </command:parameter>
        <command:parameter required="false" variableLength="true" globbing="false" pipelineInput="False" position="named" aliases="infa">
          <maml:name>InformationAction</maml:name>
          <maml:Description>
            <maml:para>このコマンドレットの情報イベントに対する応答方法を指定します。このパラメーターに使用できる値は次のとおりです:</maml:para>
            <maml:para>- Continue</maml:para>
            <maml:para>- Ignore</maml:para>
            <maml:para>- Inquire</maml:para>
            <maml:para>- SilentlyContinue</maml:para>
            <maml:para>- Stop</maml:para>
            <maml:para>- Suspend</maml:para>
          </maml:Description>
          <command:parameterValue required="true" variableLength="false">ActionPreference</command:parameterValue>
          <dev:type>
            <maml:name>ActionPreference</maml:name>
            <maml:uri/>
          </dev:type>
          <dev:defaultValue>None</dev:defaultValue>
        </command:parameter>
        <command:parameter required="false" variableLength="true" globbing="false" pipelineInput="False" position="named" aliases="iv">
          <maml:name>InformationVariable</maml:name>
          <maml:Description>
            <maml:para>情報変数を指定します。</maml:para>
          </maml:Description>
          <command:parameterValue required="true" variableLength="false">String</command:parameterValue>
          <dev:type>
            <maml:name>String</maml:name>
            <maml:uri/>
          </dev:type>
          <dev:defaultValue>None</dev:defaultValue>
        </command:parameter>
      </command:syntaxItem>
    </command:syntax>
    <command:parameters>
      <command:parameter required="false" variableLength="true" globbing="false" pipelineInput="False" position="named" aliases="none">
        <maml:name>Description</maml:name>
        <maml:Description>
          <maml:para>新しい管理単位の説明を指定します。</maml:para>
        </maml:Description>
        <command:parameterValue required="true" variableLength="false">String</command:parameterValue>
        <dev:type>
          <maml:name>String</maml:name>
          <maml:uri/>
        </dev:type>
        <dev:defaultValue>None</dev:defaultValue>
      </command:parameter>
      <command:parameter required="true" variableLength="true" globbing="false" pipelineInput="False" position="named" aliases="none">
        <maml:name>DisplayName</maml:name>
        <maml:Description>
          <maml:para>新しい管理単位の表示名を指定します。</maml:para>
        </maml:Description>
        <command:parameterValue required="true" variableLength="false">String</command:parameterValue>
        <dev:type>
          <maml:name>String</maml:name>
          <maml:uri/>
        </dev:type>
        <dev:defaultValue>None</dev:defaultValue>
      </command:parameter>
      <command:parameter required="false" variableLength="true" globbing="false" pipelineInput="False" position="named" aliases="infa">
        <maml:name>InformationAction</maml:name>
        <maml:Description>
          <maml:para>このコマンドレットの情報イベントに対する応答方法を指定します。このパラメーターに使用できる値は次のとおりです:</maml:para>
          <maml:para>- Continue</maml:para>
          <maml:para>- Ignore</maml:para>
          <maml:para>- Inquire</maml:para>
          <maml:para>- SilentlyContinue</maml:para>
          <maml:para>- Stop</maml:para>
          <maml:para>- Suspend</maml:para>
        </maml:Description>
        <command:parameterValue required="true" variableLength="false">ActionPreference</command:parameterValue>
        <dev:type>
          <maml:name>ActionPreference</maml:name>
          <maml:uri/>
        </dev:type>
        <dev:defaultValue>None</dev:defaultValue>
      </command:parameter>
      <command:parameter required="false" variableLength="true" globbing="false" pipelineInput="False" position="named" aliases="iv">
        <maml:name>InformationVariable</maml:name>
        <maml:Description>
          <maml:para>情報変数を指定します。</maml:para>
        </maml:Description>
        <command:parameterValue required="true" variableLength="false">String</command:parameterValue>
        <dev:type>
          <maml:name>String</maml:name>
          <maml:uri/>
        </dev:type>
        <dev:defaultValue>None</dev:defaultValue>
      </command:parameter>
    </command:parameters>
    <command:inputTypes/>
    <command:returnValues/>
    <maml:alertSet>
      <maml:alert>
        <maml:para></maml:para>
      </maml:alert>
    </maml:alertSet>
    <command:examples/>
    <command:relatedLinks>
      <maml:navigationLink>
        <maml:linkText>Get-AzureADAdministrativeUnit</maml:linkText>
        <maml:uri></maml:uri>
      </maml:navigationLink>
      <maml:navigationLink>
        <maml:linkText>Remove-AzureADAdministrativeUnit</maml:linkText>
        <maml:uri></maml:uri>
      </maml:navigationLink>
      <maml:navigationLink>
        <maml:linkText>Set-AzureADAdministrativeUnit</maml:linkText>
        <maml:uri></maml:uri>
      </maml:navigationLink>
    </command:relatedLinks>
  </command:command>
  <command:command xmlns:maml="http://schemas.microsoft.com/maml/2004/10" xmlns:command="http://schemas.microsoft.com/maml/dev/command/2004/10" xmlns:dev="http://schemas.microsoft.com/maml/dev/2004/10" xmlns:MSHelp="http://msdn.microsoft.com/mshelp">
    <command:details>
      <command:name>Remove-AzureADAdministrativeUnit</command:name>
      <command:verb>Remove</command:verb>
      <command:noun>AzureADAdministrativeUnit</command:noun>
      <maml:description>
        <maml:para>管理単位を削除します。</maml:para>
      </maml:description>
    </command:details>
    <maml:description>
      <maml:para>Remove-AzureADAdministrativeUnit コマンドレットは、Azure Active Directory から管理単位を削除します。</maml:para>
    </maml:description>
    <command:syntax>
      <command:syntaxItem>
        <maml:name>Remove-AzureADAdministrativeUnit</maml:name>
        <command:parameter required="false" variableLength="true" globbing="false" pipelineInput="False" position="named" aliases="infa">
          <maml:name>InformationAction</maml:name>
          <maml:Description>
            <maml:para>このコマンドレットの情報イベントに対する応答方法を指定します。このパラメーターに使用できる値は次のとおりです: * Continue</maml:para>
            <maml:para>* Ignore</maml:para>
            <maml:para>* Inquire</maml:para>
            <maml:para>* SilentlyContinue</maml:para>
            <maml:para>* Stop</maml:para>
            <maml:para>* Suspend</maml:para>
          </maml:Description>
          <command:parameterValue required="true" variableLength="false">ActionPreference</command:parameterValue>
          <dev:type>
            <maml:name>ActionPreference</maml:name>
            <maml:uri/>
          </dev:type>
          <dev:defaultValue>None</dev:defaultValue>
        </command:parameter>
        <command:parameter required="false" variableLength="true" globbing="false" pipelineInput="False" position="named" aliases="iv">
          <maml:name>InformationVariable</maml:name>
          <maml:Description>
            <maml:para>情報イベント メッセージを格納する変数を指定します。</maml:para>
          </maml:Description>
          <command:parameterValue required="true" variableLength="false">String</command:parameterValue>
          <dev:type>
            <maml:name>String</maml:name>
            <maml:uri/>
          </dev:type>
          <dev:defaultValue>None</dev:defaultValue>
        </command:parameter>
        <command:parameter required="true" variableLength="true" globbing="false" pipelineInput="True (ByPropertyName, ByValue)" position="named" aliases="none">
          <maml:name>ObjectId</maml:name>
          <maml:Description>
            <maml:para>Active Directory 内の管理単位の ID を指定します。</maml:para>
          </maml:Description>
          <command:parameterValue required="true" variableLength="false">String</command:parameterValue>
          <dev:type>
            <maml:name>String</maml:name>
            <maml:uri/>
          </dev:type>
          <dev:defaultValue>None</dev:defaultValue>
        </command:parameter>
      </command:syntaxItem>
    </command:syntax>
    <command:parameters>
      <command:parameter required="false" variableLength="true" globbing="false" pipelineInput="False" position="named" aliases="infa">
        <maml:name>InformationAction</maml:name>
        <maml:Description>
          <maml:para>このコマンドレットの情報イベントに対する応答方法を指定します。このパラメーターに使用できる値は次のとおりです: * Continue</maml:para>
          <maml:para>* Ignore</maml:para>
          <maml:para>* Inquire</maml:para>
          <maml:para>* SilentlyContinue</maml:para>
          <maml:para>* Stop</maml:para>
          <maml:para>* Suspend</maml:para>
        </maml:Description>
        <command:parameterValue required="true" variableLength="false">ActionPreference</command:parameterValue>
        <dev:type>
          <maml:name>ActionPreference</maml:name>
          <maml:uri/>
        </dev:type>
        <dev:defaultValue>None</dev:defaultValue>
      </command:parameter>
      <command:parameter required="false" variableLength="true" globbing="false" pipelineInput="False" position="named" aliases="iv">
        <maml:name>InformationVariable</maml:name>
        <maml:Description>
          <maml:para>情報イベント メッセージを格納する変数を指定します。</maml:para>
        </maml:Description>
        <command:parameterValue required="true" variableLength="false">String</command:parameterValue>
        <dev:type>
          <maml:name>String</maml:name>
          <maml:uri/>
        </dev:type>
        <dev:defaultValue>None</dev:defaultValue>
      </command:parameter>
      <command:parameter required="true" variableLength="true" globbing="false" pipelineInput="True (ByPropertyName, ByValue)" position="named" aliases="none">
        <maml:name>ObjectId</maml:name>
        <maml:Description>
          <maml:para>Active Directory 内の管理単位の ID を指定します。</maml:para>
        </maml:Description>
        <command:parameterValue required="true" variableLength="false">String</command:parameterValue>
        <dev:type>
          <maml:name>String</maml:name>
          <maml:uri/>
        </dev:type>
        <dev:defaultValue>None</dev:defaultValue>
      </command:parameter>
    </command:parameters>
    <command:inputTypes/>
    <command:returnValues/>
    <maml:alertSet>
      <maml:alert>
        <maml:para></maml:para>
      </maml:alert>
    </maml:alertSet>
    <command:examples/>
    <command:relatedLinks>
      <maml:navigationLink>
        <maml:linkText>Get-AzureADAdministrativeUnit</maml:linkText>
        <maml:uri></maml:uri>
      </maml:navigationLink>
      <maml:navigationLink>
        <maml:linkText>Set-AzureADAdministrativeUnit</maml:linkText>
        <maml:uri></maml:uri>
      </maml:navigationLink>
    </command:relatedLinks>
  </command:command>
  <command:command xmlns:maml="http://schemas.microsoft.com/maml/2004/10" xmlns:command="http://schemas.microsoft.com/maml/dev/command/2004/10" xmlns:dev="http://schemas.microsoft.com/maml/dev/2004/10" xmlns:MSHelp="http://msdn.microsoft.com/mshelp">
    <command:details>
      <command:name>Remove-AzureADAdministrativeUnitMember</command:name>
      <command:verb>Remove</command:verb>
      <command:noun>AzureADAdministrativeUnitMember</command:noun>
      <maml:description>
        <maml:para>管理単位メンバーを削除します。</maml:para>
      </maml:description>
    </command:details>
    <maml:description>
      <maml:para>Remove-AzureADAdministrativeUnitMember コマンドレットは、Azure Active Directory (AD) 内の管理単位メンバーを削除します。</maml:para>
    </maml:description>
    <command:syntax>
      <command:syntaxItem>
        <maml:name>Remove-AzureADAdministrativeUnitMember</maml:name>
        <command:parameter required="false" variableLength="true" globbing="false" pipelineInput="False" position="named" aliases="infa">
          <maml:name>InformationAction</maml:name>
          <maml:Description>
            <maml:para>このコマンドレットの情報イベントに対する応答方法を指定します。</maml:para>
            <maml:para>このパラメーターに指定できる値は、次のとおりです:</maml:para>
            <maml:para>- Continue</maml:para>
            <maml:para>- Ignore</maml:para>
            <maml:para>- Inquire</maml:para>
            <maml:para>- SilentlyContinue</maml:para>
            <maml:para>- Stop</maml:para>
            <maml:para>- Suspend</maml:para>
          </maml:Description>
          <command:parameterValue required="true" variableLength="false">ActionPreference</command:parameterValue>
          <dev:type>
            <maml:name>ActionPreference</maml:name>
            <maml:uri/>
          </dev:type>
          <dev:defaultValue>None</dev:defaultValue>
        </command:parameter>
        <command:parameter required="false" variableLength="true" globbing="false" pipelineInput="False" position="named" aliases="iv">
          <maml:name>InformationVariable</maml:name>
          <maml:Description>
            <maml:para>情報変数を指定します。</maml:para>
          </maml:Description>
          <command:parameterValue required="true" variableLength="false">String</command:parameterValue>
          <dev:type>
            <maml:name>String</maml:name>
            <maml:uri/>
          </dev:type>
          <dev:defaultValue>None</dev:defaultValue>
        </command:parameter>
        <command:parameter required="true" variableLength="true" globbing="false" pipelineInput="True (ByPropertyName, ByValue)" position="named" aliases="none">
          <maml:name>MemberId</maml:name>
          <maml:Description>
            <maml:para>管理単位メンバーの ID を指定します。</maml:para>
          </maml:Description>
          <command:parameterValue required="true" variableLength="false">String</command:parameterValue>
          <dev:type>
            <maml:name>String</maml:name>
            <maml:uri/>
          </dev:type>
          <dev:defaultValue>None</dev:defaultValue>
        </command:parameter>
        <command:parameter required="true" variableLength="true" globbing="false" pipelineInput="True (ByPropertyName, ByValue)" position="named" aliases="none">
          <maml:name>ObjectId</maml:name>
          <maml:Description>
            <maml:para>Azure AD での管理単位の ID を指定します。</maml:para>
          </maml:Description>
          <command:parameterValue required="true" variableLength="false">String</command:parameterValue>
          <dev:type>
            <maml:name>String</maml:name>
            <maml:uri/>
          </dev:type>
          <dev:defaultValue>None</dev:defaultValue>
        </command:parameter>
      </command:syntaxItem>
    </command:syntax>
    <command:parameters>
      <command:parameter required="false" variableLength="true" globbing="false" pipelineInput="False" position="named" aliases="infa">
        <maml:name>InformationAction</maml:name>
        <maml:Description>
          <maml:para>このコマンドレットの情報イベントに対する応答方法を指定します。</maml:para>
          <maml:para>このパラメーターに指定できる値は、次のとおりです:</maml:para>
          <maml:para>- Continue</maml:para>
          <maml:para>- Ignore</maml:para>
          <maml:para>- Inquire</maml:para>
          <maml:para>- SilentlyContinue</maml:para>
          <maml:para>- Stop</maml:para>
          <maml:para>- Suspend</maml:para>
        </maml:Description>
        <command:parameterValue required="true" variableLength="false">ActionPreference</command:parameterValue>
        <dev:type>
          <maml:name>ActionPreference</maml:name>
          <maml:uri/>
        </dev:type>
        <dev:defaultValue>None</dev:defaultValue>
      </command:parameter>
      <command:parameter required="false" variableLength="true" globbing="false" pipelineInput="False" position="named" aliases="iv">
        <maml:name>InformationVariable</maml:name>
        <maml:Description>
          <maml:para>情報変数を指定します。</maml:para>
        </maml:Description>
        <command:parameterValue required="true" variableLength="false">String</command:parameterValue>
        <dev:type>
          <maml:name>String</maml:name>
          <maml:uri/>
        </dev:type>
        <dev:defaultValue>None</dev:defaultValue>
      </command:parameter>
      <command:parameter required="true" variableLength="true" globbing="false" pipelineInput="True (ByPropertyName, ByValue)" position="named" aliases="none">
        <maml:name>MemberId</maml:name>
        <maml:Description>
          <maml:para>管理単位メンバーの ID を指定します。</maml:para>
        </maml:Description>
        <command:parameterValue required="true" variableLength="false">String</command:parameterValue>
        <dev:type>
          <maml:name>String</maml:name>
          <maml:uri/>
        </dev:type>
        <dev:defaultValue>None</dev:defaultValue>
      </command:parameter>
      <command:parameter required="true" variableLength="true" globbing="false" pipelineInput="True (ByPropertyName, ByValue)" position="named" aliases="none">
        <maml:name>ObjectId</maml:name>
        <maml:Description>
          <maml:para>Azure AD での管理単位の ID を指定します。</maml:para>
        </maml:Description>
        <command:parameterValue required="true" variableLength="false">String</command:parameterValue>
        <dev:type>
          <maml:name>String</maml:name>
          <maml:uri/>
        </dev:type>
        <dev:defaultValue>None</dev:defaultValue>
      </command:parameter>
    </command:parameters>
    <command:inputTypes/>
    <command:returnValues/>
    <maml:alertSet>
      <maml:alert>
        <maml:para></maml:para>
      </maml:alert>
    </maml:alertSet>
    <command:examples/>
    <command:relatedLinks>
      <maml:navigationLink>
        <maml:linkText>Add-AzureADAdministrativeUnitMember</maml:linkText>
        <maml:uri></maml:uri>
      </maml:navigationLink>
      <maml:navigationLink>
        <maml:linkText>Remove-AzureADAdministrativeUnitMember</maml:linkText>
        <maml:uri></maml:uri>
      </maml:navigationLink>
    </command:relatedLinks>
  </command:command>
  <command:command xmlns:maml="http://schemas.microsoft.com/maml/2004/10" xmlns:command="http://schemas.microsoft.com/maml/dev/command/2004/10" xmlns:dev="http://schemas.microsoft.com/maml/dev/2004/10" xmlns:MSHelp="http://msdn.microsoft.com/mshelp">
    <command:details>
      <command:name>Remove-AzureADScopedRoleMembership</command:name>
      <command:verb>Remove</command:verb>
      <command:noun>AzureADScopedRoleMembership</command:noun>
      <maml:description>
        <maml:para>スコープ付きロール メンバーシップを削除します。</maml:para>
      </maml:description>
    </command:details>
    <maml:description>
      <maml:para>Remove-AzureADScopedRoleMembership コマンドレットは、Azure Active Directory (AD) からスコープ付きロール メンバーシップを削除します。</maml:para>
    </maml:description>
    <command:syntax>
      <command:syntaxItem>
        <maml:name>Remove-AzureADScopedRoleMembership</maml:name>
        <command:parameter required="true" variableLength="true" globbing="false" pipelineInput="True (ByPropertyName, ByValue)" position="named" aliases="none">
          <maml:name>ObjectId</maml:name>
          <maml:Description>
            <maml:para>オブジェクト ID を指定します。</maml:para>
          </maml:Description>
          <command:parameterValue required="true" variableLength="false">String</command:parameterValue>
          <dev:type>
            <maml:name>String</maml:name>
            <maml:uri/>
          </dev:type>
          <dev:defaultValue>None</dev:defaultValue>
        </command:parameter>
        <command:parameter required="true" variableLength="true" globbing="false" pipelineInput="True (ByPropertyName, ByValue)" position="named" aliases="none">
          <maml:name>ScopedRoleMembershipId</maml:name>
          <maml:Description>
            <maml:para>削除するスコープ付きロール メンバーシップの ID を指定します。</maml:para>
          </maml:Description>
          <command:parameterValue required="true" variableLength="false">String</command:parameterValue>
          <dev:type>
            <maml:name>String</maml:name>
            <maml:uri/>
          </dev:type>
          <dev:defaultValue>None</dev:defaultValue>
        </command:parameter>
      </command:syntaxItem>
    </command:syntax>
    <command:parameters>
      <command:parameter required="true" variableLength="true" globbing="false" pipelineInput="True (ByPropertyName, ByValue)" position="named" aliases="none">
        <maml:name>ObjectId</maml:name>
        <maml:Description>
          <maml:para>オブジェクト ID を指定します。</maml:para>
        </maml:Description>
        <command:parameterValue required="true" variableLength="false">String</command:parameterValue>
        <dev:type>
          <maml:name>String</maml:name>
          <maml:uri/>
        </dev:type>
        <dev:defaultValue>None</dev:defaultValue>
      </command:parameter>
      <command:parameter required="true" variableLength="true" globbing="false" pipelineInput="True (ByPropertyName, ByValue)" position="named" aliases="none">
        <maml:name>ScopedRoleMembershipId</maml:name>
        <maml:Description>
          <maml:para>削除するスコープ付きロール メンバーシップの ID を指定します。</maml:para>
        </maml:Description>
        <command:parameterValue required="true" variableLength="false">String</command:parameterValue>
        <dev:type>
          <maml:name>String</maml:name>
          <maml:uri/>
        </dev:type>
        <dev:defaultValue>None</dev:defaultValue>
      </command:parameter>
    </command:parameters>
    <command:inputTypes/>
    <command:returnValues/>
    <maml:alertSet>
      <maml:alert>
        <maml:para></maml:para>
      </maml:alert>
    </maml:alertSet>
    <command:examples/>
    <command:relatedLinks>
      <maml:navigationLink>
        <maml:linkText>Add-AzureADScopedRoleMembership</maml:linkText>
        <maml:uri></maml:uri>
      </maml:navigationLink>
      <maml:navigationLink>
        <maml:linkText>Get-AzureADScopedRoleMembership</maml:linkText>
        <maml:uri></maml:uri>
      </maml:navigationLink>
    </command:relatedLinks>
  </command:command>
  <command:command xmlns:maml="http://schemas.microsoft.com/maml/2004/10" xmlns:command="http://schemas.microsoft.com/maml/dev/command/2004/10" xmlns:dev="http://schemas.microsoft.com/maml/dev/2004/10" xmlns:MSHelp="http://msdn.microsoft.com/mshelp">
    <command:details>
      <command:name>Set-AzureADAdministrativeUnit</command:name>
      <command:verb>Set</command:verb>
      <command:noun>AzureADAdministrativeUnit</command:noun>
      <maml:description>
        <maml:para>管理単位を更新します。</maml:para>
      </maml:description>
    </command:details>
    <maml:description>
      <maml:para>Set-AzureADAdministrativeUnit コマンドレットは、Azure Active Directory (AD) 内の管理単位を更新します。</maml:para>
    </maml:description>
    <command:syntax>
      <command:syntaxItem>
        <maml:name>Set-AzureADAdministrativeUnit</maml:name>
        <command:parameter required="false" variableLength="true" globbing="false" pipelineInput="False" position="named" aliases="none">
          <maml:name>Description</maml:name>
          <maml:Description>
            <maml:para>説明を指定します。</maml:para>
          </maml:Description>
          <command:parameterValue required="true" variableLength="false">String</command:parameterValue>
          <dev:type>
            <maml:name>String</maml:name>
            <maml:uri/>
          </dev:type>
          <dev:defaultValue>None</dev:defaultValue>
        </command:parameter>
        <command:parameter required="false" variableLength="true" globbing="false" pipelineInput="False" position="named" aliases="none">
          <maml:name>DisplayName</maml:name>
          <maml:Description>
            <maml:para>表示名を指定します。</maml:para>
          </maml:Description>
          <command:parameterValue required="true" variableLength="false">String</command:parameterValue>
          <dev:type>
            <maml:name>String</maml:name>
            <maml:uri/>
          </dev:type>
          <dev:defaultValue>None</dev:defaultValue>
        </command:parameter>
        <command:parameter required="false" variableLength="true" globbing="false" pipelineInput="False" position="named" aliases="infa">
          <maml:name>InformationAction</maml:name>
          <maml:Description>
            <maml:para>このコマンドレットの情報イベントに対する応答方法を指定します。このパラメーターに使用できる値は次のとおりです:</maml:para>
            <maml:para>- Continue</maml:para>
            <maml:para>- Ignore</maml:para>
            <maml:para>- Inquire</maml:para>
            <maml:para>- SilentlyContinue</maml:para>
            <maml:para>- Stop</maml:para>
            <maml:para>- Suspend</maml:para>
          </maml:Description>
          <command:parameterValue required="true" variableLength="false">ActionPreference</command:parameterValue>
          <dev:type>
            <maml:name>ActionPreference</maml:name>
            <maml:uri/>
          </dev:type>
          <dev:defaultValue>None</dev:defaultValue>
        </command:parameter>
        <command:parameter required="false" variableLength="true" globbing="false" pipelineInput="False" position="named" aliases="iv">
          <maml:name>InformationVariable</maml:name>
          <maml:Description>
            <maml:para>情報変数を指定します。</maml:para>
          </maml:Description>
          <command:parameterValue required="true" variableLength="false">String</command:parameterValue>
          <dev:type>
            <maml:name>String</maml:name>
            <maml:uri/>
          </dev:type>
          <dev:defaultValue>None</dev:defaultValue>
        </command:parameter>
        <command:parameter required="true" variableLength="true" globbing="false" pipelineInput="True (ByPropertyName, ByValue)" position="named" aliases="none">
          <maml:name>ObjectId</maml:name>
          <maml:Description>
            <maml:para>Azure AD での管理単位の ID を指定します。</maml:para>
          </maml:Description>
          <command:parameterValue required="true" variableLength="false">String</command:parameterValue>
          <dev:type>
            <maml:name>String</maml:name>
            <maml:uri/>
          </dev:type>
          <dev:defaultValue>None</dev:defaultValue>
        </command:parameter>
      </command:syntaxItem>
    </command:syntax>
    <command:parameters>
      <command:parameter required="false" variableLength="true" globbing="false" pipelineInput="False" position="named" aliases="none">
        <maml:name>Description</maml:name>
        <maml:Description>
          <maml:para>説明を指定します。</maml:para>
        </maml:Description>
        <command:parameterValue required="true" variableLength="false">String</command:parameterValue>
        <dev:type>
          <maml:name>String</maml:name>
          <maml:uri/>
        </dev:type>
        <dev:defaultValue>None</dev:defaultValue>
      </command:parameter>
      <command:parameter required="false" variableLength="true" globbing="false" pipelineInput="False" position="named" aliases="none">
        <maml:name>DisplayName</maml:name>
        <maml:Description>
          <maml:para>表示名を指定します。</maml:para>
        </maml:Description>
        <command:parameterValue required="true" variableLength="false">String</command:parameterValue>
        <dev:type>
          <maml:name>String</maml:name>
          <maml:uri/>
        </dev:type>
        <dev:defaultValue>None</dev:defaultValue>
      </command:parameter>
      <command:parameter required="false" variableLength="true" globbing="false" pipelineInput="False" position="named" aliases="infa">
        <maml:name>InformationAction</maml:name>
        <maml:Description>
          <maml:para>このコマンドレットの情報イベントに対する応答方法を指定します。このパラメーターに使用できる値は次のとおりです:</maml:para>
          <maml:para>- Continue</maml:para>
          <maml:para>- Ignore</maml:para>
          <maml:para>- Inquire</maml:para>
          <maml:para>- SilentlyContinue</maml:para>
          <maml:para>- Stop</maml:para>
          <maml:para>- Suspend</maml:para>
        </maml:Description>
        <command:parameterValue required="true" variableLength="false">ActionPreference</command:parameterValue>
        <dev:type>
          <maml:name>ActionPreference</maml:name>
          <maml:uri/>
        </dev:type>
        <dev:defaultValue>None</dev:defaultValue>
      </command:parameter>
      <command:parameter required="false" variableLength="true" globbing="false" pipelineInput="False" position="named" aliases="iv">
        <maml:name>InformationVariable</maml:name>
        <maml:Description>
          <maml:para>情報変数を指定します。</maml:para>
        </maml:Description>
        <command:parameterValue required="true" variableLength="false">String</command:parameterValue>
        <dev:type>
          <maml:name>String</maml:name>
          <maml:uri/>
        </dev:type>
        <dev:defaultValue>None</dev:defaultValue>
      </command:parameter>
      <command:parameter required="true" variableLength="true" globbing="false" pipelineInput="True (ByPropertyName, ByValue)" position="named" aliases="none">
        <maml:name>ObjectId</maml:name>
        <maml:Description>
          <maml:para>Azure AD での管理単位の ID を指定します。</maml:para>
        </maml:Description>
        <command:parameterValue required="true" variableLength="false">String</command:parameterValue>
        <dev:type>
          <maml:name>String</maml:name>
          <maml:uri/>
        </dev:type>
        <dev:defaultValue>None</dev:defaultValue>
      </command:parameter>
    </command:parameters>
    <command:inputTypes/>
    <command:returnValues/>
    <maml:alertSet>
      <maml:alert>
        <maml:para></maml:para>
      </maml:alert>
    </maml:alertSet>
    <command:examples/>
    <command:relatedLinks>
      <maml:navigationLink>
        <maml:linkText>Get-AzureADAdministrativeUnit</maml:linkText>
        <maml:uri></maml:uri>
      </maml:navigationLink>
      <maml:navigationLink>
        <maml:linkText>New-AzureADAdministrativeUnit</maml:linkText>
        <maml:uri></maml:uri>
      </maml:navigationLink>
      <maml:navigationLink>
        <maml:linkText>Remove-AzureADAdministrativeUnit</maml:linkText>
        <maml:uri></maml:uri>
      </maml:navigationLink>
    </command:relatedLinks>
  </command:command>
  <command:command xmlns:maml="http://schemas.microsoft.com/maml/2004/10" xmlns:command="http://schemas.microsoft.com/maml/dev/command/2004/10" xmlns:dev="http://schemas.microsoft.com/maml/dev/2004/10">
    <command:details>
        <command:name>
            Get-AzureADExternalDomainFederation
        </command:name>
        <maml:description>
            <maml:para>外部ドメイン名により、externalDomainFederation を取得します。</maml:para>
        </maml:description>
        <maml:copyright>
            <maml:para></maml:para>
        </maml:copyright>
        <command:verb>Get</command:verb>
        <command:noun>AzureADExternalDomainFederation</command:noun>
        <dev:version></dev:version>
    </command:details>
    <maml:description>
        <maml:para></maml:para>
    </maml:description>
    <!-- Cmdlet syntax section-->
    <command:syntax>
        <command:syntaxitem>
            <maml:name>Get-AzureADExternalDomainFederation</maml:name>
            <command:parameter required="true" variablelength="false" globbing="false" pipelineinput="true" position="named">
                <maml:name>ExternalDomainName</maml:name>
                <maml:description>
                    <maml:para>Azure Active Directory の externalDomainFederation の一意識別子</maml:para>
                </maml:description>
                <command:parametervalue required="true" variablelength="false">string</command:parametervalue>
            </command:parameter>
            <command:parameter required="false" variablelength="false" globbing="false" pipelineinput="true" position="named">
                <maml:name>All</maml:name>
                <maml:description>
                    <maml:para>特定のクエリに対してサーバーからのすべての結果を返すことを表すブール値</maml:para>
                </maml:description>
                <command:parametervalue required="false" variablelength="false">bool?</command:parametervalue>
            </command:parameter>
            <command:parameter required="false" variablelength="false" globbing="false" pipelineinput="true" position="named">
                <maml:name>Top</maml:name>
                <maml:description>
                    <maml:para>返すレコードの最大数。</maml:para>
                </maml:description>
                <command:parametervalue required="false" variablelength="false">int?</command:parametervalue>
            </command:parameter>
            <command:parameter required="false" variablelength="false" globbing="false" pipelineinput="true" position="named">
                <maml:name>Filter</maml:name>
                <maml:description>
                    <maml:para>oData v3.0 フィルター ステートメント。どのオブジェクトが返されるかを制御します。</maml:para>
                </maml:description>
                <command:parametervalue required="false" variablelength="false">string</command:parametervalue>
            </command:parameter>
        </command:syntaxitem>
    </command:syntax>
    <!-- Cmdlet parameter section  -->
    <command:parameters>
        <command:parameter required="true" variablelength="false" globbing="false" pipelineinput="true" position="named">
            <maml:name>ExternalDomainName</maml:name>
            <maml:description>
                <maml:para>Azure Active Directory の externalDomainFederation の一意識別子</maml:para>
            </maml:description>
            <command:parametervalue required="true" variablelength="false">string</command:parametervalue>
            <dev:type>
                <maml:name>string</maml:name>
                <maml:uri/>
            </dev:type>
            <dev:defaultvalue></dev:defaultvalue>
        </command:parameter>
        <command:parameter required="false" variablelength="false" globbing="false" pipelineinput="true" position="named">
            <maml:name>All</maml:name>
            <maml:description>
                <maml:para>特定のクエリに対してサーバーからのすべての結果を返すことを表すブール値</maml:para>
            </maml:description>
            <command:parametervalue required="false" variablelength="false">bool?</command:parametervalue>
            <dev:type>
                <maml:name>bool?</maml:name>
                <maml:uri/>
            </dev:type>
            <dev:defaultvalue></dev:defaultvalue>
        </command:parameter>
        <command:parameter required="false" variablelength="false" globbing="false" pipelineinput="true" position="named">
            <maml:name>Top</maml:name>
            <maml:description>
                <maml:para>返すレコードの最大数。</maml:para>
            </maml:description>
            <command:parametervalue required="false" variablelength="false">int?</command:parametervalue>
            <dev:type>
                <maml:name>int?</maml:name>
                <maml:uri/>
            </dev:type>
            <dev:defaultvalue></dev:defaultvalue>
        </command:parameter>
        <command:parameter required="false" variablelength="false" globbing="false" pipelineinput="true" position="named">
            <maml:name>Filter</maml:name>
            <maml:description>
                <maml:para>oData v3.0 フィルター ステートメント。どのオブジェクトが返されるかを制御します。</maml:para>
            </maml:description>
            <command:parametervalue required="false" variablelength="false">string</command:parametervalue>
            <dev:type>
                <maml:name>string</maml:name>
                <maml:uri/>
            </dev:type>
            <dev:defaultvalue></dev:defaultvalue>
        </command:parameter>
    </command:parameters>
    <command:inputtypes>
    </command:inputtypes>
    <command:returnvalues>
    </command:returnvalues>
    <!-- Error section-->
    <command:terminatingerrors/>
    <command:nonterminatingerrors/>
    <!-- Notes section  -->
    <maml:alertset>
        <maml:title></maml:title>
        <maml:alert>
            <maml:para>
            </maml:para>
        </maml:alert>
        <maml:alert>
            <maml:para></maml:para>
        </maml:alert>
    </maml:alertset>
    <!-- Example section  -->
    <command:examples>
    <command:example>
        <maml:title>例 1: 指定した外部ドメインについて外部ドメインのフェデレーション設定を取得します。</maml:title>
        <dev:code>Get-AzureADExternalFederationDomain -ExternalDomainName "test.com" 
</dev:code>
        <dev:remarks>
          <maml:para>このコマンドは、外部ドメインのフェデレーション設定を取得します。</maml:para>
        </dev:remarks>
      </command:example>
    </command:examples>
    <!-- Link section  -->
    <maml:relatedlinks>
    </maml:relatedlinks>
</command:command>
<command:command xmlns:maml="http://schemas.microsoft.com/maml/2004/10" xmlns:command="http://schemas.microsoft.com/maml/dev/command/2004/10" xmlns:dev="http://schemas.microsoft.com/maml/dev/2004/10">
    <command:details>
        <command:name>
            New-AzureADExternalDomainFederation
        </command:name>
        <maml:description>
            <maml:para>Azure Active Directory に新しい externalDomainFederation を作成する</maml:para>
        </maml:description>
        <maml:copyright>
            <maml:para></maml:para>
        </maml:copyright>
        <command:verb>New</command:verb>
        <command:noun>AzureADExternalDomainFederation</command:noun>
        <dev:version></dev:version>
    </command:details>
    <maml:description>
        <maml:para></maml:para>
    </maml:description>
    <!-- Cmdlet syntax section-->
    <command:syntax>
        <command:syntaxitem>
            <maml:name>New-AzureADExternalDomainFederation</maml:name>
             <command:parameter required="true" variablelength="false" globbing="false" pipelineinput="true" position="named">
                <maml:name>ExternalDomainName</maml:name>
                <maml:description>
                    <maml:para>設定を構成する対象の外部ドメインです。</maml:para>
                </maml:description>
                <command:parametervalue required="true" variablelength="false">string</command:parametervalue>
            </command:parameter>
             <command:parameter required="true" variablelength="false" globbing="false" pipelineinput="true" position="named">
                <maml:name>FederationSettings</maml:name>
                <maml:description>
                    <maml:para>外部ドメインのフェデレーション設定です。</maml:para>
                    <maml:para>$federationSettings = New-Object -TypeName Microsoft.Open.AzureAD.Model.DomainFederationSettings</maml:para>
                    <maml:para>最後に、この変数をコマンドレットに渡すことができます。</maml:para>
                    <maml:para>New-AzureADExternalDomainFederation -FederationSettings $federationSettings ...</maml:para>
                </maml:description>
                <command:parametervalue required="true" variablelength="false"></command:parametervalue>
                <dev:type>
                  <maml:name>DomainFederationSettings</maml:name>
                  <maml:uri/>
                </dev:type>
            </command:parameter>
        </command:syntaxitem>
    </command:syntax>
    <!-- Cmdlet parameter section  -->
    <command:parameters>
     <command:parameter required="true" variablelength="false" globbing="false" pipelineinput="true" position="named">
            <maml:name>ExternalDomainName</maml:name>
            <maml:description>
                <maml:para>Azure Active Directory の externalDomainFederation の一意識別子</maml:para>
            </maml:description>
            <command:parametervalue required="true" variablelength="false">string</command:parametervalue>
            <dev:type>
                <maml:name>string</maml:name>
                <maml:uri/>
            </dev:type>
            <dev:defaultvalue></dev:defaultvalue>
        </command:parameter>
         <command:parameter required="true" variablelength="false" globbing="false" pipelineinput="true" position="named">
            <maml:name>FederationSettings</maml:name>
            <maml:description>
                <maml:para>外部ドメインのフェデレーション設定です。</maml:para>
            </maml:description>
            <command:parametervalue required="true" variablelength="false">string</command:parametervalue>
            <dev:type>
                <maml:name>DomainFederationSettings</maml:name>
                <maml:uri/>
            </dev:type>
            <dev:defaultvalue></dev:defaultvalue>
        </command:parameter>
    </command:parameters>
    <!-- Input - Output section-->
    <command:inputtypes/>
    <command:returnvalues>
    </command:returnvalues>
    <!-- Error section-->
    <command:terminatingerrors/>
    <command:nonterminatingerrors/>
    <!-- Notes section  -->
    <maml:alertset>
        <maml:title></maml:title>
        <maml:alert>
            <maml:para>
            </maml:para>
        </maml:alert>
        <maml:alert>
            <maml:para></maml:para>
        </maml:alert>
    </maml:alertset>
    <!-- Example section  -->
    <command:examples>
     <command:example>
        <maml:title>例 1: 新しい外部ドメイン フェデレーションを作成します。</maml:title>
        <dev:code>$federationSettings = New-Object Microsoft.Open.AzureAD.Model.DomainFederationSettings
$federationSettings.ActiveLogOnUri="https://adfs.com/adfs/ls"
$federationSettings.IssuerUri = "http://adfs.com/adfs/services/trust"
$federationSettings.LogOffUri = $federationSettings.ActiveLogOnUri
$federationSettings.FederationBrandName = "Contoso Misa1 US"
$federationSettings.MetadataExchangeUri="http://adfs.com/FederationMetadata.xml"
$federationSettings.PassiveLogOnUri=$federationSettings.ActiveLogOnUri
$federationSettings.PreferredAuthenticationProtocol="WsFed"
$federationSettings.SigningCertificate="X509 signing public key"
New-AzureADExternalFederationDomain -ExternalDomainName "adfs.com" -FederationSettings $federationSettings
</dev:code>
        <dev:remarks>
          <maml:para>このコマンドは、新しい外部フェデレーションのドメイン設定を作成します。</maml:para>
        </dev:remarks>
      </command:example>
    </command:examples>
    <!-- Link section  -->
    <maml:relatedlinks>
    </maml:relatedlinks>
</command:command>
<command:command xmlns:maml="http://schemas.microsoft.com/maml/2004/10" xmlns:command="http://schemas.microsoft.com/maml/dev/command/2004/10" xmlns:dev="http://schemas.microsoft.com/maml/dev/2004/10">
    <command:details>
        <command:name>
            Remove-AzureADExternalDomainFederation
        </command:name>
        <maml:description>
            <maml:para>外部ドメイン名により、externalDomainFederation を削除します。</maml:para>
        </maml:description>
        <maml:copyright>
            <maml:para></maml:para>
        </maml:copyright>
        <command:verb>Remove</command:verb>
        <command:noun>AzureADExternalDomainFederation</command:noun>
        <dev:version></dev:version>
    </command:details>
    <maml:description>
        <maml:para></maml:para>
    </maml:description>
    <!-- Cmdlet syntax section-->
    <command:syntax>
        <command:syntaxitem>
            <maml:name>Remove-AzureADExternalDomainFederation</maml:name>
            <command:parameter required="true" variablelength="false" globbing="false" pipelineinput="true" position="named">
                <maml:name>ExternalDomainName</maml:name>
                <maml:description>
                    <maml:para>Azure Active Directory の externalDomainFederation の一意識別子</maml:para>
                </maml:description>
                <command:parametervalue required="true" variablelength="false">string</command:parametervalue>
            </command:parameter>
        </command:syntaxitem>
    </command:syntax>
    <!-- Cmdlet parameter section  -->
    <command:parameters>
        <command:parameter required="true" variablelength="false" globbing="false" pipelineinput="true" position="named">
            <maml:name>ExternalDomainName</maml:name>
            <maml:description>
                <maml:para>Azure Active Directory の externalDomainFederation の一意識別子</maml:para>
            </maml:description>
            <command:parametervalue required="true" variablelength="false">string</command:parametervalue>
            <dev:type>
                <maml:name>string</maml:name>
                <maml:uri/>
            </dev:type>
            <dev:defaultvalue></dev:defaultvalue>
        </command:parameter>
    </command:parameters>
    <!-- Input - Output section-->
    <command:inputtypes>
    </command:inputtypes>
    <command:returnvalues>
    </command:returnvalues>
    <!-- Error section-->
    <command:terminatingerrors/>
    <command:nonterminatingerrors/>
    <!-- Notes section  -->
    <maml:alertset>
        <maml:title></maml:title>
        <maml:alert>
            <maml:para>
            </maml:para>
        </maml:alert>
        <maml:alert>
            <maml:para></maml:para>
        </maml:alert>
    </maml:alertset>
    <!-- Example section  -->
    <command:examples>
      <command:example>
        <maml:title>例 1: 指定した外部ドメインについて外部ドメインのフェデレーション設定を削除します。</maml:title>
        <dev:code>Remove-AzureADExternalFederationDomain -ExternalDomainName "test.com" 
</dev:code>
        <dev:remarks>
          <maml:para>このコマンドは、外部ドメインのフェデレーション設定を削除します。</maml:para>
        </dev:remarks>
      </command:example>
    </command:examples>
    <!-- Link section  -->
    <maml:relatedlinks>
    </maml:relatedlinks>
</command:command>
</helpItems>
